{
  "train_loss": [
    1.5685542582637995,
    1.0728993302416296,
    0.8428886813972981,
    0.680563024887342,
    0.5851152579127595
  ],
  "val_macro_auroc": [
    0.7439571635676876,
    0.7905144708423484,
    0.7824419585093934,
    0.7886445750466996,
    0.7899723896645064
  ],
  "val_macro_auprc": [
    0.4408158841346458,
    0.5399641078066663,
    0.5500333284808196,
    0.5608293524236263,
    0.577902029206334
  ]
}